First Name,Last Name,Age,Gender,Team,Event 1,Event 2,Event 3,Medley,Free
Jack,Elliott,9,m,eff,fly,back,breast,yes,yes
chayoon,kim,10,f,eff,fly,back,free,yes,yes
soyeon,lee,11,f,eff,fly,breast,free,yes,yes
Asher,Mckee,7,m,eff,fly,back,breast,yes,yes
Avery,Mckee,9,m,eff,back,im,free,yes,yes
Landon,Kessel,11,m,eff,back,breast,free,yes,yes
Reghan,Reed,11,f,eff,fly,back,breast,yes,yes
Ryleigh,Reed,13,f,eff,back,breast,free,yes,yes
Kamden,Reed,7,m,eff,back,im,breast,yes,yes
Frankie,Burdick,10,f,eff,back,im,free,yes,yes
Maddox,Missenheim,8,m,eff,back,breast,free,yes,yes
Kaisei,Gerdes,8,m,eff,fly,back,breast,yes,yes
Ryuku,Gerdes,13,m,eff,back,im,free,yes,yes
Terrence,Osborne,15,m,eff,fly,breast,free,yes,yes
Ella,O'Connor,10,f,eff,back,breast,free,yes,yes
Layton,Higgins,14,m,eff,im,breast,free,yes,yes
Merovy,Hayes,9,f,eff,fly,back,breast,yes,yes
Lysander,Hayes,12,m,eff,fly,breast,free,yes,yes
Aurora,Evans,11,f,eff,back,breast,free,yes,yes
Delanie,Carr,12,f,eff,fly,back,breast,yes,yes
Reagan,Motley,12,f,eff,back,im,breast,yes,yes
Adelaia,Laster,10,f,eff,back,breast,free,yes,yes
Logan,Trenado,9,f,eff,im,breast,free,yes,yes
London,Horne,10,f,eff,fly,back,breast,yes,yes
Rosemary,Michaels,8,f,eff,back,im,free,yes,yes
Savannah,Nash,13,f,eff,fly,im,breast,yes,yes
brandon,guedes,14,m,eff,back,breast,free,yes,yes
Ian,Mcelveen,9,m,eff,back,breast,free,yes,yes
