First Name,Last Name,Age,Gender,Team,Event 1,Event 2,Event 3,Medley,Free
Clay,Mcdonald,12,m,hab,im,breast,free,yes,yes
Carter,Clark,10,m,hab,fly,back,free,yes,yes
Jaleelah,Johnson,10,f,hab,back,im,breast,yes,yes
Sebastian,Griffith,9,m,hab,fly,im,breast,yes,yes
olivia,thompson,13,f,hab,back,breast,free,yes,yes
Brex,Broxton,6,m,hab,im,breast,free,yes,yes
Amaia,Hernandez,15,f,hab,fly,im,breast,yes,yes
Roger,Stout,8,m,hab,back,breast,free,yes,yes
Olivia,Stout,11,f,hab,fly,back,breast,yes,yes
Ruth,Stout,13,f,hab,back,im,free,yes,yes
Carter,Chang,7,m,hab,fly,breast,free,yes,yes
Grayson,Chang,10,f,hab,fly,back,breast,yes,yes
