First Name,Last Name,Age,Gender,Team,Event 1,Event 2,Event 3,Medley,Free
Raelyn,Standiford,8,f,isl,back,im,breast,yes,yes
John,Shuttleworth,9,m,isl,fly,back,free,yes,yes
Zachary,Harris,10,m,isl,back,breast,free,yes,yes
Grady,Fabian,9,m,isl,back,breast,free,yes,yes
Noah,Merchan,10,m,isl,fly,breast,free,yes,yes
Jonathan,Thompson,11,m,isl,back,im,breast,yes,yes
Zackary,Standiford,9,m,isl,im,breast,free,yes,yes
Samuel,Steinhoff,5,m,isl,back,breast,free,yes,yes
Patrick,Steinhoff,7,m,isl,fly,back,breast,yes,yes
William,Tyson,10,m,isl,back,breast,free,yes,yes
Julia,Thompson,8,f,isl,back,im,breast,yes,yes
Sarah,Thompson,5,f,isl,fly,im,free,yes,yes
Daisy,Price,6,f,isl,fly,back,free,yes,yes
Ace,Monroid,11,m,isl,im,breast,free,yes,yes
Bennett,Sather,8,m,isl,back,breast,free,yes,yes
Catherine,Von Alt,7,f,isl,back,im,breast,yes,yes
Bradley,Cribbs,9,m,isl,im,breast,free,yes,yes
Carryngton,James,11,f,isl,fly,back,free,yes,yes
Alaina,Miezejeski,10,f,isl,back,breast,free,yes,yes
Corinne,Miezejeski,13,f,isl,back,im,breast,yes,yes
Emma,Williams,12,f,isl,fly,back,breast,yes,yes
Lennox,Martinez,10,m,isl,back,breast,free,yes,yes
