First Name,Last Name,Age,Gender,Team,Event 1,Event 2,Event 3,Medley,Free
Jack,Elliott,9,m,eff,fly,back,breast
chayoon,kim,10,f,eff,fly,back,free,yes,yes
soyeon,lee,11,f,eff,fly,breast,free,yes,yes
Asher,Mckee,7,m,eff,fly,back,breast,yes,yes
Avery,Mckee,9,m,eff,back,im,free,yes,yes
Landon,Kessel,11,m,eff,back,breast,free,yes,yes
Reghan,Reed,11,f,eff,fly,back,breast,yes,yes
Ryleigh,Reed,13,f,eff,back,breast,free,yes,yes
Kamden,Reed,7,m,eff,back,im,breast,yes,yes
Frankie,Burdick,10,f,eff,back,im,free,yes,yes
Maddox,Missenheim,8,m,eff,back,breast,free,yes,yes
Kaisei,Gerdes,8,m,eff,fly,back,breast,yes,yes
Ryuku,Gerdes,13,m,eff,back,im,free,yes,yes
Terrence,Osborne,15,m,eff,fly,breast,free,yes,yes
Ella,O'Connor,10,f,eff,back,breast,free,yes,yes
Layton,Higgins,14,m,eff,im,breast,free,yes,yes
Merovy,Hayes,9,f,eff,fly,back,breast,yes,yes
Lysander,Hayes,12,m,eff,fly,breast,free,yes,yes
Aurora,Evans,11,f,eff,back,breast,free,yes,yes
Delanie,Carr,12,f,eff,fly,back,breast,yes,yes
Reagan,Motley,12,f,eff,back,im,breast,yes,yes
Adelaia,Laster,10,f,eff,back,breast,free,yes,yes
Logan,Trenado,9,f,eff,im,breast,free,yes,yes
London,Horne,10,f,eff,fly,back,breast,yes,yes
Rosemary,Michaels,8,f,eff,back,im,free,yes,yes
Savannah,Nash,13,f,eff,fly,im,breast,yes,yes
brandon,guedes,14,m,eff,back,breast,free,yes,yes
Ian,Mcelveen,9,m,eff,back,breast,free,yes,yes
Clay,Mcdonald,12,m,hab,im,breast,free,yes,yes
Carter,Clark,10,m,hab,fly,back,free,yes,yes
Jaleelah,Johnson,10,f,hab,back,im,breast,yes,yes
Sebastian,Griffith,9,m,hab,fly,im,breast,yes,yes
olivia,thompson,13,f,hab,back,breast,free,yes,yes
Brex,Broxton,6,m,hab,im,breast,free,yes,yes
Amaia,Hernandez,15,f,hab,fly,im,breast,yes,yes
Roger,Stout,8,m,hab,back,breast,free,yes,yes
Olivia,Stout,11,f,hab,fly,back,breast,yes,yes
Ruth,Stout,13,f,hab,back,im,free,yes,yes
Carter,Chang,7,m,hab,fly,breast,free,yes,yes
Grayson,Chang,10,f,hab,fly,back,breast,yes,yes
Raelyn,Standiford,8,f,isl,back,im,breast,yes,yes
John,Shuttleworth,9,m,isl,fly,back,free,yes,yes
Zachary,Harris,10,m,isl,back,breast,free,yes,yes
Grady,Fabian,9,m,isl,back,breast,free,yes,yes
Noah,Merchan,10,m,isl,fly,breast,free,yes,yes
Jonathan,Thompson,11,m,isl,back,im,breast,yes,yes
Zackary,Standiford,9,m,isl,im,breast,free,yes,yes
Samuel,Steinhoff,5,m,isl,back,breast,free,yes,yes
Patrick,Steinhoff,7,m,isl,fly,back,breast,yes,yes
William,Tyson,10,m,isl,back,breast,free,yes,yes
Julia,Thompson,8,f,isl,back,im,breast,yes,yes
Sarah,Thompson,5,f,isl,fly,im,free,yes,yes
Daisy,Price,6,f,isl,fly,back,free,yes,yes
Ace,Monroid,11,m,isl,im,breast,free,yes,yes
Bennett,Sather,8,m,isl,back,breast,free,yes,yes
Catherine,Von Alt,7,f,isl,back,im,breast,yes,yes
Bradley,Cribbs,9,m,isl,im,breast,free,yes,yes
Carryngton,James,11,f,isl,fly,back,free,yes,yes
Alaina,Miezejeski,10,f,isl,back,breast,free,yes,yes
Corinne,Miezejeski,13,f,isl,back,im,breast,yes,yes
Emma,Williams,12,f,isl,fly,back,breast,yes,yes
Lennox,Martinez,10,m,isl,back,breast,free,yes,yes
Darius,Popa,13,m,lib,back,im,free,yes,yes
Madison,Romero,8,f,lib,im,breast,free,yes,yes
Gibson,Jones,12,m,lib,fly,back,free,yes,yes
Kaydance,Harvey,9,f,lib,back,breast,free,yes,yes
Sincere,Whitaker,9,f,lib,im,breast,free,yes,yes
Saniyah,Arnold-Goodman,12,f,lib,fly,im,breast,yes,yes
Shreeyanshi,Tripathy,10,f,lib,back,breast,free,yes,yes
Quinn,Stewart,12,f,lib,fly,back,breast,yes,yes
Aiden,Gutierrez,13,m,lib,back,breast,free,yes,yes
khaileah,lampley,10,f,wc,im,breast,free,yes,yes
leonna,serpa,8,f,wc,fly,back,free,yes,yes
Christian,Magwood,13,m,wc,back,breast,free,yes,yes
Allan,Garcia,9,m,wc,back,im,breast,yes,yes
Yuchan,Choi,8,m,wc,fly,im,free,yes,yes
Carsen,Reynolds,14,f,wc,back,breast,free,yes,yes
Morgan,Reynolds,15,f,wc,im,breast,free,yes,yes
Gabriel,Wilson,11,m,wc,fly,im,free,yes,yes
Peyton,Howard,8,m,wc,fly,back,breast,yes,yes
Niya,Ali,9,f,wc,fly,back,free,yes,yes
Ayaa,Ali,10,f,wc,back,breast,free,yes,yes
VIRAJ,PATEL,7,m,wc,back,im,breast,yes,yes
Eleonor,Higareda,9,f,wc,im,breast,free,yes,yes
Elisa,Higareda,10,f,wc,fly,back,breast,yes,yes
Sevyn,Carles,7,m,wc,back,breast,free,yes,yes
Trinity,Warren,11,f,wc,fly,im,free,yes,yes
Pablo,Barron,13,m,wc,back,im,breast,yes,yes
Carlos,Barron,14,m,wc,im,breast,free,yes,yes
Sawyer,Stone,7,f,wc,fly,back,free,yes,yes
Jayden,Ghering,11,m,wc,fly,im,free,yes,yes
Miranda,Butler,13,f,wc,back,breast,free,yes,yes
Lucas,Mendez,12,m,wc,fly,back,free,yes,yes
Xander,Hiatt,9,m,wc,back,im,breast,yes,yes
